"","tresort","bladfarge","tilvekst","bladskader","stammeomkrets","angrep_skadedyr","stammeskader","helhet","gjennomsnitt"
"1","alpesal_stor",0.8,0.198515769944341,0,0.653846153846154,1,0.25,0.230769230769231,0.447590164937104
"2","bergasal_stor",0.8,0.50278293135436,0.285714285714286,0.538461538461538,1,0.5,0.153846153846154,0.540114987053763
"3","fagerrogn_stor",0.6,0,0.285714285714286,0.75,0.6,0,0.461538461538462,0.385321821036107
"4","norskasal_stor",1,0.970315398886828,0.428571428571429,0.673076923076923,0.4,0.25,0.461538461538462,0.597643173153377
"5","rognasal_stor",0,0.228200371057514,0,0.480769230769231,0.6,0.25,0,0.222709943118106
"6","rognasal_ssp_stor",0.4,0.228200371057514,0.142857142857143,0.903846153846154,0.4,0.25,0.461538461538462,0.398063161328467
"7","smaasal_stor",1,0.784786641929499,0.714285714285714,1,0.4,0.75,0.384615384615385,0.719098248690085
"8","solvasal_stor",1,0.142857142857143,0.571428571428571,0.365384615384615,0,0.5,0.0769230769230769,0.379513343799058
"9","sorlandsasal_stor",0.6,0.235621521335807,1,0.75,0.8,0.25,0.0769230769230769,0.530363514036983
